ProductName,Price
Black Rim Sanwa OBSF 30mm Pushbutton Dark Blue / Black,2.95
Black Rim Sanwa OBSF 30mm Pushbutton Dark Red / Black,2.95
Black Rim Sanwa OBSF 30mm Pushbutton Green / Black,2.95
Black Rim Sanwa OBSF 30mm Pushbutton Light Blue / Black,2.95
Black Rim Sanwa OBSF 30mm Pushbutton Marine Blue/Black,2.95
Black Rim Sanwa OBSF 30mm Pushbutton Orange / Black,2.95
Black Rim Sanwa OBSF 30mm Pushbutton Pink / Black,2.95
Black Rim Sanwa OBSF 30mm Pushbutton Vermillion / Black,2.95
Black Rim Sanwa OBSF 30mm Pushbutton Violet / Black,2.95
Black Rim Sanwa OBSF 30mm Pushbutton White / Black,2.95
Black Rim Sanwa OBSF 30mm Pushbutton Yellow / Black,2.95
Buttercade Snap Out Tool for Pushbuttons - 24mm,7.95
Buttercade Snap Out Tool for Pushbuttons - 30mm,7.95
LayerShift Screw Button Wrench for Sanwa OBSN-24 - Pink,4.95
LayerShift Screw Button Wrench for Sanwa OBSN-30 - Red,4.95
OBSN 24mm Screwbutton - White,2.45
Sanwa OBSC 24mm Pushbutton Clear Rim/Solid Plunger - Black,3.95
Sanwa OBSC 24mm Pushbutton Clear Rim/Solid Plunger - Dark Blue,3.95
Sanwa OBSC 24mm Pushbutton Clear Rim/Solid Plunger - Dark Hai,3.95
Sanwa OBSC 24mm Pushbutton Clear Rim/Solid Plunger - Dark Red,3.95
Sanwa OBSC 24mm Pushbutton Clear Rim/Solid Plunger - Green,3.95
Sanwa OBSC 24mm Pushbutton Clear Rim/Solid Plunger - Light Blue,3.95
Sanwa OBSC 24mm Pushbutton Clear Rim/Solid Plunger - Marine Blue,3.95
Sanwa OBSC 24mm Pushbutton Clear Rim/Solid Plunger - Orange,3.95
Sanwa OBSC 24mm Pushbutton Clear Rim/Solid Plunger - Pink,3.95
Sanwa OBSC 24mm Pushbutton Clear Rim/Solid Plunger - Violet,3.95
Sanwa OBSC 24mm Pushbutton Clear Rim/Solid Plunger - White,3.95
Sanwa OBSC 24mm Pushbutton Clear Rim/Solid Plunger - Yellow,3.95
Sanwa OBSC 24mm Translucent Pushbutton - Blue,3.95
Sanwa OBSC 24mm Translucent Pushbutton - Clear,3.95
Sanwa OBSC 24mm Translucent Pushbutton - Green,3.95
Sanwa OBSC 24mm Translucent Pushbutton - Red,3.95
Sanwa OBSC 24mm Translucent Pushbutton - Smoke,3.95
Sanwa OBSC 24mm Translucent Pushbutton - Yellow,3.95
Sanwa OBSC 24mm Translucent Pushbutton Purple,3.95
Sanwa OBSC 30mm Pushbutton Clear Rim/Solid Plunger Black,4.45
Sanwa OBSC 30mm Pushbutton Clear Rim/Solid Plunger Dark Blue,4.45
Sanwa OBSC 30mm Pushbutton Clear Rim/Solid Plunger Dark Hai (Grey),4.45
Sanwa OBSC 30mm Pushbutton Clear Rim/Solid Plunger Dark Red,4.45
Sanwa OBSC 30mm Pushbutton Clear Rim/Solid Plunger Green,4.45
Sanwa OBSC 30mm Pushbutton Clear Rim/Solid Plunger Light Blue,4.45
Sanwa OBSC 30mm Pushbutton Clear Rim/Solid Plunger Marine Blue,4.45
Sanwa OBSC 30mm Pushbutton Clear Rim/Solid Plunger Orange,4.45
Sanwa OBSC 30mm Pushbutton Clear Rim/Solid Plunger Pink,4.45
Sanwa OBSC 30mm Pushbutton Clear Rim/Solid Plunger Vermillion,4.45
Sanwa OBSC 30mm Pushbutton Clear Rim/Solid Plunger Violet,4.45
Sanwa OBSC 30mm Pushbutton Clear Rim/Solid Plunger White,4.45
Sanwa OBSC 30mm Pushbutton Clear Rim/Solid Plunger Yellow,4.45
Sanwa OBSC 30mm Translucent Pushbutton Blue,4.45
Sanwa OBSC 30mm Translucent Pushbutton Clear,4.45
Sanwa OBSC 30mm Translucent Pushbutton Green,4.45
Sanwa OBSC 30mm Translucent Pushbutton Purple,4.45
Sanwa OBSC 30mm Translucent Pushbutton Red,4.45
Sanwa OBSC 30mm Translucent Pushbutton Smoke,4.45
Sanwa OBSC 30mm Translucent Pushbutton Yellow,4.45
Sanwa OBSF 24mm Pushbutton - Black Rim w/ Dark Hai Plunger,2.45
Sanwa OBSF 24mm Pushbutton Black,2.45
Sanwa OBSF 24mm Pushbutton Dark Blue,2.45
Sanwa OBSF 24mm Pushbutton Dark Hai,2.45
Sanwa OBSF 24mm Pushbutton Dark Red,2.45
Sanwa OBSF 24mm Pushbutton Green,2.45
Sanwa OBSF 24mm Pushbutton Light Blue,2.45
Sanwa OBSF 24mm Pushbutton Marine Blue,2.45
Sanwa OBSF 24mm Pushbutton Orange,2.45
Sanwa OBSF 24mm Pushbutton Pink,2.45
Sanwa OBSF 24mm Pushbutton Violet,2.45
Sanwa OBSF 24mm Pushbutton White,2.45
Sanwa OBSF 24mm Pushbutton Yellow,2.45
Sanwa OBSF 30mm Pushbuttons Black,2.95
Sanwa OBSF 30mm Pushbuttons Dark Blue,2.95
Sanwa OBSF 30mm Pushbuttons Dark Hai (Grey),2.95
Sanwa OBSF 30mm Pushbuttons Dark Red,2.95
Sanwa OBSF 30mm Pushbuttons Green,2.95
Sanwa OBSF 30mm Pushbuttons Light Blue,2.95
Sanwa OBSF 30mm Pushbuttons Marine Blue,2.95
Sanwa OBSF 30mm Pushbuttons Orange,2.95
Sanwa OBSF 30mm Pushbuttons Pink,2.95
Sanwa OBSF 30mm Pushbuttons Vermillion,2.95
Sanwa OBSF 30mm Pushbuttons Violet,2.95
Sanwa OBSF 30mm Pushbuttons White,2.95
Sanwa OBSF 30mm Pushbuttons Yellow,2.95
Sanwa OBSJ 24mm Pushbutton Metallic Blue,4.95
Sanwa OBSJ 24mm Pushbutton Metallic Gold,4.95
Sanwa OBSJ 24mm Pushbutton Metallic Gun Metal Grey,4.95
Sanwa OBSJ 24mm Pushbutton Metallic Pink,4.95
Sanwa OBSJ 24mm Pushbutton Metallic Red,4.95
Sanwa OBSJ 24mm Pushbutton Metallic Silver,4.95
Sanwa OBSJ 30mm Pushbutton Metallic Blue,5.25
Sanwa OBSJ 30mm Pushbutton Metallic Gold,5.25
Sanwa OBSJ 30mm Pushbutton Metallic Gun Metal Grey,5.25
Sanwa OBSJ 30mm Pushbutton Metallic Pink,5.25
Sanwa OBSJ 30mm Pushbutton Metallic Red,5.25
Sanwa OBSJ 30mm Pushbutton Metallic Silver,5.25
Sanwa OBSM 24mm Hole Plug,1.45
Sanwa OBSM 30mm Button Cap Hole Plug Black,1.95
Sanwa OBSN 24mm Screwbutton - Black,2.45
Sanwa OBSN 24mm Screwbutton - Dark Red,2.45
Sanwa OBSN 24mm Screwbutton - Green,2.45
Sanwa OBSN 24mm Screwbutton - Light Blue,2.45
Sanwa OBSN 24mm Screwbutton - Orange,2.45
Sanwa OBSN 24mm Screwbutton - Pink,2.45
Sanwa OBSN 24mm Screwbutton - Yellow,2.45
Sanwa OBSN 30mm Screw Button Black,2.95
Sanwa OBSN 30mm Screw Button Dark Red,2.95
Sanwa OBSN 30mm Screw Button Green,2.95
Sanwa OBSN 30mm Screw Button Light Blue,2.95
Sanwa OBSN 30mm Screw Button Orange,2.95
Sanwa OBSN 30mm Screw Button Pink,2.95
Sanwa OBSN 30mm Screw Button White,2.95
Sanwa OBSN 30mm Screw Button Yellow,2.95
Sanwa SDM 18mm Pushbutton - Red,1.95
Sanwa SDM 18mm Pushbutton - White,1.95
Sanwa SW-68 Button Micro Switch,1.45
T.E.2+ Spacer for Sanwa 30mm OBS series Pushbuttons (8-Pak),1.95
LayerShift Screw Button Wrench for Seimitsu PS14DN/DNK - Blue,4.95
LayerShift Screw Button Wrench for Seimitsu PS14GN/KN  (White Screw Ring) - Marine Blue,4.95
LayerShift Screw Button Wrench for Seimitsu PS14GN/KN (Black Screw Ring) - Green,4.95
Mix and Match Seimitsu PS-15S Textured Plunger Cap: Black,1.45
Mix and Match Seimitsu PS-15S Textured Plunger Cap: Blue,1.45
Mix and Match Seimitsu PS-15S Textured Plunger Cap: Clear,1.45
Mix and Match Seimitsu PS-15S Textured Plunger Cap: Pink,1.45
Mix and Match Seimitsu PS-15S Textured Plunger Cap: Purple,1.45
Mix and Match Seimitsu PS-15S Textured Plunger Cap: Smoke,1.45
Mix and Match Seimitsu PS-15S Textured Plunger Cap: Translucent Blue,1.45
Mix and Match Seimitsu PS-15S Textured Plunger Cap: Translucent Purple,1.45
Mix and Match Seimitsu PS-15S Textured Plunger Cap: Translucent Red,1.45
Mix and Match Seimitsu PS-15S Textured Plunger Cap: White,1.45
Seimitsu Alutimo .2mm Shim for MX Switch (10pcs Pak),3.95
Seimitsu Alutimo 1mm Shim for MX Switch (10pcs Pak),3.95
Seimitsu Alutimo Contact Cylinder (10pcs Pak),5.45
Seimitsu Alutimo Contact Cylinder Retention Sticker (10pcs Pak),4.95
Seimitsu Alutimo Metal Push Out Tool,4.95
Seimitsu Alutimo MX 24mm Screwbutton Black,6.75
Seimitsu Alutimo MX 24mm Screwbutton Blue,6.75
Seimitsu Alutimo MX 24mm Screwbutton Dark Hai,6.75
Seimitsu Alutimo MX 24mm Screwbutton Green,6.75
Seimitsu Alutimo MX 24mm Screwbutton Pink,6.75
Seimitsu Alutimo MX 24mm Screwbutton Purple,6.75
Seimitsu Alutimo MX 24mm Screwbutton Red,6.75
Seimitsu Alutimo MX 24mm Screwbutton White,6.75
Seimitsu Alutimo MX 24mm Screwbutton Yellow,6.75
Seimitsu Alutimo MX 24mm Translucent Screwbutton Blue,6.75
Seimitsu Alutimo MX 24mm Translucent Screwbutton Clear,6.75
Seimitsu Alutimo MX 24mm Translucent Screwbutton Green,6.75
Seimitsu Alutimo MX 24mm Translucent Screwbutton Pink,6.75
Seimitsu Alutimo MX 24mm Translucent Screwbutton Purple,6.75
Seimitsu Alutimo MX 24mm Translucent Screwbutton Red,6.75
Seimitsu Alutimo MX 24mm Translucent Screwbutton Smoke,6.75
Seimitsu Alutimo MX 24mm Translucent Screwbutton Yellow,6.75
Seimitsu Alutimo MX 30mm Screwbutton Black,6.75
Seimitsu Alutimo MX 30mm Screwbutton Blue,6.75
Seimitsu Alutimo MX 30mm Screwbutton Dark Hai,6.75
Seimitsu Alutimo MX 30mm Screwbutton Green,6.75
Seimitsu Alutimo MX 30mm Screwbutton Pink,6.75
Seimitsu Alutimo MX 30mm Screwbutton Purple,6.75
Seimitsu Alutimo MX 30mm Screwbutton Red,6.75
Seimitsu Alutimo MX 30mm Screwbutton White,6.75
Seimitsu Alutimo MX 30mm Screwbutton Yellow,6.75
Seimitsu Alutimo MX 30mm Translucent Screwbutton Blue,6.75
Seimitsu Alutimo MX 30mm Translucent Screwbutton Clear,6.75
Seimitsu Alutimo MX 30mm Translucent Screwbutton Green,6.75
Seimitsu Alutimo MX 30mm Translucent Screwbutton Pink,6.75
Seimitsu Alutimo MX 30mm Translucent Screwbutton Purple,6.75
Seimitsu Alutimo MX 30mm Translucent Screwbutton Red,6.75
Seimitsu Alutimo MX 30mm Translucent Screwbutton Smoke,6.75
Seimitsu Alutimo MX 30mm Translucent Screwbutton Yellow,6.75
Seimitsu Keikou PS-14-GN Screwbutton: Fluorescent Green,3.95
Seimitsu Keikou PS-14-GN Screwbutton: Fluorescent Orange,3.95
Seimitsu Keikou PS-14-GN Screwbutton: Fluorescent Yellow,3.95
Seimitsu Keikou PS-14-GN Screwbutton: Hot Pink,3.95
Seimitsu PS Button Spring MM9-3 - 0.13N (PS-14-Dx/K/PS-15),1.45
Seimitsu PS Button Spring MM9-3 - 0.15N (PS-14-Dx/K/PS-15),1.45
Seimitsu PS Button Spring MM9-3 - 0.25N (PS-14-Dx/K/PS-15),1.45
Seimitsu PS Button Spring MM9-3 - 0.50N (PS-14-Dx/K/PS-15),1.45
Seimitsu PS Button Spring MM9-4 - 0.25N (PS-14-Gx/KN),1.45
Seimitsu PS Button Spring MM9-4 - 0.50N (PS-14-Gx/KN),1.45
Seimitsu PS-14-D 24mm Pushbutton Black,3.25
Seimitsu PS-14-D 24mm Pushbutton Green,3.25
Seimitsu PS-14-D 24mm Pushbutton Green/Black,3.25
Seimitsu PS-14-D 24mm Pushbutton Light Blue,3.25
Seimitsu PS-14-D 24mm Pushbutton Light Blue/Black,3.25
Seimitsu PS-14-D 24mm Pushbutton Pink,3.25
Seimitsu PS-14-D 24mm Pushbutton Pink/Black,3.25
Seimitsu PS-14-D 24mm Pushbutton Red,3.25
Seimitsu PS-14-D 24mm Pushbutton Red/Black,3.25
Seimitsu PS-14-D 24mm Pushbutton White,3.25
Seimitsu PS-14-D 24mm Pushbutton White/Black,3.25
Seimitsu PS-14-D 24mm Pushbutton Yellow,3.25
Seimitsu PS-14-D 24mm Pushbutton Yellow/Black,3.25
Seimitsu PS-14-D Button Micro Switch,1.45
Seimitsu PS-14-DN 24mm Screwbutton Black,3.75
Seimitsu PS-14-DN 24mm Screwbutton Green,3.75
Seimitsu PS-14-DN 24mm Screwbutton Green/Black,3.75
Seimitsu PS-14-DN 24mm Screwbutton Keikou Fluorescent Green,3.45
Seimitsu PS-14-DN 24mm Screwbutton Keikou Fluorescent Orange,3.45
Seimitsu PS-14-DN 24mm Screwbutton Keikou Fluorescent Yellow,3.45
Seimitsu PS-14-DN 24mm Screwbutton Keikou Hot Pink,3.45
Seimitsu PS-14-DN 24mm Screwbutton Light Blue,3.75
Seimitsu PS-14-DN 24mm Screwbutton Light Blue/Black,3.75
Seimitsu PS-14-DN 24mm Screwbutton Pink,3.75
Seimitsu PS-14-DN 24mm Screwbutton Pink/Black,3.75
Seimitsu PS-14-DN 24mm Screwbutton Red,3.75
Seimitsu PS-14-DN 24mm Screwbutton Red/Black,3.75
Seimitsu PS-14-DN 24mm Screwbutton White,3.75
Seimitsu PS-14-DN 24mm Screwbutton White/Black,3.75
Seimitsu PS-14-DN 24mm Screwbutton Yellow,3.75
Seimitsu PS-14-DN 24mm Screwbutton Yellow/Black,3.75
Seimitsu PS-14-DNK 24mm Screw Button: Blue,3.75
Seimitsu PS-14-DNK 24mm Screw Button: Clear,3.25
Seimitsu PS-14-DNK 24mm Screw Button: Green,3.25
Seimitsu PS-14-DNK 24mm Screw Button: Light Green,3.25
Seimitsu PS-14-DNK 24mm Screw Button: Orange,3.25
Seimitsu PS-14-DNK 24mm Screw Button: Pink,3.25
Seimitsu PS-14-DNK 24mm Screw Button: Purple,3.25
Seimitsu PS-14-DNK 24mm Screw Button: Red,3.25
Seimitsu PS-14-DNK 24mm Screw Button: Smoke,3.25
Seimitsu PS-14-DNK 24mm Screw Button: Yellow,3.25
Seimitsu PS-14-G Button Micro Switch,1.95
Seimitsu PS-14-G Pushbutton Ash/Black,3.25
Seimitsu PS-14-G Pushbutton Black,3.25
Seimitsu PS-14-G Pushbutton Green,3.25
Seimitsu PS-14-G Pushbutton Green/Black,3.25
Seimitsu PS-14-G Pushbutton Light Blue,3.25
Seimitsu PS-14-G Pushbutton Light Blue/Black,3.25
Seimitsu PS-14-G Pushbutton Pink,3.25
Seimitsu PS-14-G Pushbutton Pink/Black,3.25
Seimitsu PS-14-G Pushbutton Red,3.25
Seimitsu PS-14-G Pushbutton Red/Black,3.25
Seimitsu PS-14-G Pushbutton White,3.25
Seimitsu PS-14-G Pushbutton White/Black,3.25
Seimitsu PS-14-G Pushbutton Yellow,3.25
Seimitsu PS-14-G Pushbutton Yellow/Black,3.25
Seimitsu PS-14-GN Screwbutton Black,3.75
Seimitsu PS-14-GN Screwbutton Green,3.75
Seimitsu PS-14-GN Screwbutton Green/Black,3.75
Seimitsu PS-14-GN Screwbutton Light Blue,3.75
Seimitsu PS-14-GN Screwbutton Light Blue/Black,3.75
Seimitsu PS-14-GN Screwbutton Pink,3.75
Seimitsu PS-14-GN Screwbutton Pink/Black,3.75
Seimitsu PS-14-GN Screwbutton Red,3.75
Seimitsu PS-14-GN Screwbutton Red/Black,3.75
Seimitsu PS-14-GN Screwbutton White,3.75
Seimitsu PS-14-GN Screwbutton White/Black,3.75
Seimitsu PS-14-GN Screwbutton Yellow,3.75
Seimitsu PS-14-GN Screwbutton Yellow/Black,3.75
Seimitsu PS-14-GN-KN Screwbutton Black/Clear,4.25
Seimitsu PS-14-GN-KN Screwbutton Green/Clear,4.25
Seimitsu PS-14-GN-KN Screwbutton Light Blue/Clear,4.25
Seimitsu PS-14-GN-KN Screwbutton Pink/Clear,4.25
Seimitsu PS-14-GN-KN Screwbutton Red/Clear,4.25
Seimitsu PS-14-GN-KN Screwbutton White/Clear,4.25
Seimitsu PS-14-GN-KN Screwbutton Yellow/Clear,4.25
Seimitsu PS-14-K 30mm Snap In Pushbutton: Blue,3.75
Seimitsu PS-14-K 30mm Snap In Pushbutton: Clear,4.25
Seimitsu PS-14-K 30mm Snap In Pushbutton: Green,3.75
Seimitsu PS-14-K 30mm Snap In Pushbutton: Light Green,3.75
Seimitsu PS-14-K 30mm Snap In Pushbutton: Orange,3.75
Seimitsu PS-14-K 30mm Snap In Pushbutton: Pink,3.75
Seimitsu PS-14-K 30mm Snap In Pushbutton: Purple,3.75
Seimitsu PS-14-K 30mm Snap In Pushbutton: Red,3.75
Seimitsu PS-14-K 30mm Snap In Pushbutton: Smoke,3.75
Seimitsu PS-14-K 30mm Snap In Pushbutton: Yellow,3.75
Seimitsu PS-14-KN 30mm Screw Button: Blue,3.75
Seimitsu PS-14-KN 30mm Screw Button: Clear,3.75
Seimitsu PS-14-KN 30mm Screw Button: Green,3.75
Seimitsu PS-14-KN 30mm Screw Button: Light Green,3.75
Seimitsu PS-14-KN 30mm Screw Button: Orange,3.75
Seimitsu PS-14-KN 30mm Screw Button: Pink,3.75
Seimitsu PS-14-KN 30mm Screw Button: Purple,3.75
Seimitsu PS-14-KN 30mm Screw Button: Red,3.75
Seimitsu PS-14-KN 30mm Screw Button: Smoke,3.75
Seimitsu PS-14-KN 30mm Screw Button: Yellow,3.75
Seimitsu PS-15 Low Profile Pushbutton Ash,3.95
Seimitsu PS-15 Low Profile Pushbutton Ash/Black,3.95
Seimitsu PS-15 Low Profile Pushbutton Black,3.95
Seimitsu PS-15 Low Profile Pushbutton Green,3.95
Seimitsu PS-15 Low Profile Pushbutton Green/Black,3.95
Seimitsu PS-15 Low Profile Pushbutton Keikou Fluorescent Green,3.95
Seimitsu PS-15 Low Profile Pushbutton Keikou Fluorescent Orange,3.95
Seimitsu PS-15 Low Profile Pushbutton Keikou Fluorescent Yellow,3.95
Seimitsu PS-15 Low Profile Pushbutton Keikou Hot Pink,3.95
Seimitsu PS-15 Low Profile Pushbutton Light Blue,3.95
Seimitsu PS-15 Low Profile Pushbutton Light Blue/Black,3.95
Seimitsu PS-15 Low Profile Pushbutton Pink,3.95
Seimitsu PS-15 Low Profile Pushbutton Pink/Black,3.95
Seimitsu PS-15 Low Profile Pushbutton Red,3.95
Seimitsu PS-15 Low Profile Pushbutton Red/Black,3.95
Seimitsu PS-15 Low Profile Pushbutton Violet,3.95
Seimitsu PS-15 Low Profile Pushbutton White,3.95
Seimitsu PS-15 Low Profile Pushbutton White/Black,3.95
Seimitsu PS-15 Low Profile Pushbutton Yellow,3.95
Seimitsu PS-15 Low Profile Pushbutton Yellow/Black,3.95
Cherry MX Black Stem 60g Mechanical Switch for Samducksa 202 MX Pushbutton,2.25
Cherry MX Blue Stem 50g Mechanical Switch for Samducksa 202 MX Pushbutton,2.25
Cherry MX Brown Stem 55g Mechanical Switch for Samducksa 202 MX Pushbutton,2.25
Cherry MX Red Stem 45g Mechanical Switch for Samducksa 202 MX Pushbutton,2.25
Cherry MX Silver Stem 45g Mechanical Switch for Samducksa 202 MX Pushbutton,2.25
Crown/Samducksa SDB-202 MX 24mm Screwbutton Black,3.95
Crown/Samducksa SDB-202 MX 24mm Screwbutton Dark Hai,3.95
Crown/Samducksa SDB-202 MX 24mm Screwbutton Green,3.95
Crown/Samducksa SDB-202 MX 24mm Screwbutton Marine Blue,3.95
Crown/Samducksa SDB-202 MX 24mm Screwbutton Orange,3.95
Crown/Samducksa SDB-202 MX 24mm Screwbutton Pink,3.95
Crown/Samducksa SDB-202 MX 24mm Screwbutton Red,3.95
Crown/Samducksa SDB-202 MX 24mm Screwbutton Violet,3.95
Crown/Samducksa SDB-202 MX 24mm Screwbutton White,3.95
Crown/Samducksa SDB-202 MX 24mm Screwbutton Yellow,3.95
Crown/Samducksa SDB-202 MX 30mm Screwbutton Black,4.95
Crown/Samducksa SDB-202 MX 30mm Screwbutton Green,4.95
Crown/Samducksa SDB-202 MX 30mm Screwbutton Grey/Dark Hai,4.95
Crown/Samducksa SDB-202 MX 30mm Screwbutton Marine Blue,4.95
Crown/Samducksa SDB-202 MX 30mm Screwbutton Orange,4.95
Crown/Samducksa SDB-202 MX 30mm Screwbutton Pink,4.95
Crown/Samducksa SDB-202 MX 30mm Screwbutton Red,4.95
Crown/Samducksa SDB-202 MX 30mm Screwbutton Violet,4.95
Crown/Samducksa SDB-202 MX 30mm Screwbutton White,4.95
Crown/Samducksa SDB-202 MX 30mm Screwbutton Yellow,4.95
Crown/Samducksa SDB-202C MX 24mm Translucent Screwbutton Blue,4.45
Crown/Samducksa SDB-202C MX 24mm Translucent Screwbutton Clear,4.45
Crown/Samducksa SDB-202C MX 24mm Translucent Screwbutton Green,4.45
Crown/Samducksa SDB-202C MX 24mm Translucent Screwbutton Orange,4.45
Crown/Samducksa SDB-202C MX 24mm Translucent Screwbutton Pink,4.45
Crown/Samducksa SDB-202C MX 24mm Translucent Screwbutton Purple,4.45
Crown/Samducksa SDB-202C MX 24mm Translucent Screwbutton Red,4.45
Crown/Samducksa SDB-202C MX 24mm Translucent Screwbutton Smoke,4.45
Crown/Samducksa SDB-202C MX 24mm Translucent Screwbutton Yellow,4.45
Crown/Samducksa SDB-202C MX 30mm Translucent Screwbutton Blue,5.45
Crown/Samducksa SDB-202C MX 30mm Translucent Screwbutton Clear,5.45
Crown/Samducksa SDB-202C MX 30mm Translucent Screwbutton Green,5.45
Crown/Samducksa SDB-202C MX 30mm Translucent Screwbutton Orange,5.45
Crown/Samducksa SDB-202C MX 30mm Translucent Screwbutton Pink,5.45
Crown/Samducksa SDB-202C MX 30mm Translucent Screwbutton Purple,5.45
Crown/Samducksa SDB-202C MX 30mm Translucent Screwbutton Red,5.45
Crown/Samducksa SDB-202C MX 30mm Translucent Screwbutton Smoke,5.45
Crown/Samducksa SDB-202C MX 30mm Translucent Screwbutton Yellow,5.45
Crown/Samducksa SDB-202M MX 24mm Metallic Screwbutton Blue,5.95
Crown/Samducksa SDB-202M MX 24mm Metallic Screwbutton Gold,5.95
Crown/Samducksa SDB-202M MX 24mm Metallic Screwbutton Gunmetal,5.95
Crown/Samducksa SDB-202M MX 24mm Metallic Screwbutton Pink,5.95
Crown/Samducksa SDB-202M MX 24mm Metallic Screwbutton Red,5.95
Crown/Samducksa SDB-202M MX 24mm Metallic Screwbutton Silver,5.95
Crown/Samducksa SDB-202M MX 30mm Metallic Screwbutton Blue,5.95
Crown/Samducksa SDB-202M MX 30mm Metallic Screwbutton Gold,5.95
Crown/Samducksa SDB-202M MX 30mm Metallic Screwbutton Gunmetal,5.95
Crown/Samducksa SDB-202M MX 30mm Metallic Screwbutton Pink,5.95
Crown/Samducksa SDB-202M MX 30mm Metallic Screwbutton Red,5.95
Crown/Samducksa SDB-202M MX 30mm Metallic Screwbutton Silver,5.95
LayerShift Screw Button Wrench for Crown SDB-24 - Yellow,4.95
LayerShift Screw Button Wrench for Crown SDB-30 - Orange,4.95
IL PSL-CV Convex Short Stem Pushbutton - Green,3.75
IL PSL-CV Convex Short Stem Pushbutton - Yellow,3.75
IL PSL-CV Convex Translucent Short Stem Pushbutton - Amber/Orange,3.75
IL PSL-CV Convex Translucent Short Stem Pushbutton - Blue,3.75
IL PSL-CV Convex Translucent Short Stem Pushbutton - Clear,3.75
IL PSL-CV Convex Translucent Short Stem Pushbutton - Green,3.75
IL PSL-CV Convex Translucent Short Stem Pushbutton - Red,3.75
IL PSL-CV Convex Translucent Short Stem Pushbutton - Yellow,3.75
IL PSL-H Concave Long Stem Player 1 Button - Black,2.95
IL PSL-H Concave Long Stem Player 1 Button - White,2.95
IL PSL-H Concave Long Stem Player 2 Button - Black,2.95
IL PSL-H Concave Long Stem Player 2 Button - White,2.95
IL PSL-H Concave Long Stem Player 3 Button - Black,2.95
IL PSL-H Concave Long Stem Player 3 Button - White,2.95
IL PSL-H Concave Long Stem Player 4  Button - Black,2.95
IL PSL-H Concave Long Stem Player 4 Button - White,2.95
IL PSL-L Concave Long Stem Pushbutton - Chrome,4.25
IL PSL-L Concave Long Stem Pushbutton - Chrome with Black Plunger,4.25
IL PSL-L Translucent Concave Long Stem Pushbutton - Amber/Orange,3.45
IL PSL-L Translucent Concave Long Stem Pushbutton - Blue,3.45
IL PSL-L Translucent Concave Long Stem Pushbutton - Clear,3.45
IL PSL-L Translucent Concave Long Stem Pushbutton - Green,3.45
IL PSL-L Translucent Concave Long Stem Pushbutton - Purple,3.45
IL PSL-L Translucent Concave Long Stem Pushbutton - Red,3.45
IL PSL-L Translucent Concave Long Stem Pushbutton - Yellow,3.45
IL PSL-LCV Convex Long Stem Pushbutton - Chrome,4.25
IL PSL-LCV Convex Long Stem Pushbutton - Chrome with Black Plunger,4.25
Long Stem Pushbutton Wrench,4.95
Suzo Happ Button Plug with Nut,1.25
Suzo Happ Concave Long Stem Pushbutton - Black,1.95
Suzo Happ Concave Long Stem Pushbutton - Blue,1.95
Suzo Happ Concave Long Stem Pushbutton - Green,1.95
Suzo Happ Concave Long Stem Pushbutton - Orange,1.95
Suzo Happ Concave Long Stem Pushbutton - Purple,1.95
Suzo Happ Concave Long Stem Pushbutton - Red,1.95
Suzo Happ Concave Long Stem Pushbutton - White,1.95
Suzo Happ Concave Long Stem Pushbutton - Yellow,1.95
Suzo Happ Convex Competition Long Stem Pushbutton - Black,2.25
Suzo Happ Convex Competition Long Stem Pushbutton - Blue,2.25
Suzo Happ Convex Competition Long Stem Pushbutton - Green,2.25
Suzo Happ Convex Competition Long Stem Pushbutton - Orange,2.25
Suzo Happ Convex Competition Long Stem Pushbutton - Purple,2.25
Suzo Happ Convex Competition Long Stem Pushbutton - Red,2.25
Suzo Happ Convex Competition Long Stem Pushbutton - White,2.25
Suzo Happ Convex Competition Long Stem Pushbutton - Yellow,2.25
Extended Seimitsu LS-32/38 Joystick Shaft,9.95
Extended Seimitsu LS-5x/6x Hollow Joystick Shaft,9.95
KOWAL LS-32 Octopus Octagonal Restrictor Guide,1.95
KOWAL LS.ST Short Throw Mod for Seimitsu LS-33/55 Joystick,1.95
KOWAL LS.ST Short Throw Mod for Seimitsu LS-56/58/60-01 Joystick,1.95
LS 56 Octagonal Restrictor Plate Black [For Omron Switch],4.95
New LS-32 Microswitch Base (2017 Model),4.95
New Seimitsu 2017 LS-32, LS-40 .187 Fastener Microswitch,1.95
Seimitsu Bullet Lever Handle:  Light Green,10.95
Seimitsu Bullet Lever Handle: Black,10.95
Seimitsu Bullet Lever Handle: Blue,10.95
Seimitsu Bullet Lever Handle: Clear,10.95
Seimitsu Bullet Lever Handle: Clear Blue,10.95
Seimitsu Bullet Lever Handle: Clear Pink,10.95
Seimitsu Bullet Lever Handle: Clear Purple,10.95
Seimitsu Bullet Lever Handle: Clear Red,10.95
Seimitsu Bullet Lever Handle: Clear Smoke,10.95
Seimitsu Bullet Lever Handle: Dark Hai,10.95
Seimitsu Bullet Lever Handle: Green,10.95
Seimitsu Bullet Lever Handle: Keikou Fluorescent Green,10.95
Seimitsu Bullet Lever Handle: Keikou Fluorescent Orange,10.95
Seimitsu Bullet Lever Handle: Keikou Fluorescent Yellow,10.95
Seimitsu Bullet Lever Handle: Keikou Hot Pink,10.95
Seimitsu Bullet Lever Handle: Red,10.95
Seimitsu Bullet Lever Handle: Violet,10.95
Seimitsu Bullet Lever Handle: White,10.95
Seimitsu LS 56 Octagonal Restrictor Plate [For Panasonic Switch PCB Assembly],3.95
Seimitsu LS 56 Square Restrictor Plate [For Panasonic Switch PCB Assembly],2.45
Seimitsu LS 58 SE Flat Mounting Plate P=40,1.95
Seimitsu LS 58 SE SS Mounting Plate P=40,4.25
Seimitsu LS-32 16mm Shaft Extender,2.95
Seimitsu LS-32 Actuator,1.95
Seimitsu LS-32 Main Guide (Light Blue),1.95
Seimitsu LS-32 Octagonal Main Guide,3.95
Seimitsu LS-32 Pivot Cylinder (Light Blue),1.95
Seimitsu LS-32 Replacement Spring,1.45
Seimitsu LS-32 Round Main Guide,3.45
Seimitsu LS-32 Triple Restrictor Plate,0.95
Seimitsu LS-32, LS-32-01 Pressure Spring Base,1.45
Seimitsu LS-32, LS-38 Subguide,3.25
Seimitsu LS-32-01-SC-K (PCB Type) Joystick with SS Plate,29.95
Seimitsu LS-32-SC-K (.187" Fastener Type) Joystick with RE Plate (2017 Model),26.95
Seimitsu LS-32/38 Alternative Square Main Guide,3.95
Seimitsu LS-32/LS-38 Replacement Shaft,5.45
Seimitsu LS-33, LS-55, LS-56, LS-58 .187" Fastener Microswitch,1.95
Seimitsu LS-40 Actuator,1.95
Seimitsu LS-40 Main Guide,2.25
Seimitsu LS-40 Round Main Guide,3.75
Seimitsu LS-40-01-SC-K (PCB Type) Joystick with RE Plate,29.95
Seimitsu LS-40-SC-K (.187" Fastener Type) Joystick with RE Plate,26.95
Seimitsu LS-56 PCB Assembly [OMRON Switch],17.95
Seimitsu LS-56-01-SC-K (PCB Type) Joystick with MS Plate,29.95
Seimitsu LS-56-SC-K (.187" Fastener Type) Joystick with MS Plate,26.95
Seimitsu LS-56/58/60 Pressure Spring Base,1.45
Seimitsu LS-56/58/60 Replacement Shaft,4.95
Seimitsu LS-56/58/62 Actuator,1.95
Seimitsu LS-58, LS-58-01 Replacement Spring,1.45
Seimitsu LSQ-40 Silent Lever,42.95
Seimitsu LSX-NOBI-01 Pro Edition Joystick,64.95
Seimitsu MS Flat Mounting Plate,4.25
Seimitsu MS-P50 Mounting Plate for LS-32, LS-40,4.25
Seimitsu New LS-32 PCB Assembly (2017 Model),17.95
Seimitsu NT LS-32/38 Quick Release Replacement Shaft,14.25
Seimitsu NT LS-40 Quick Release Replacement Shaft,14.25
Seimitsu NT LS-56/58/60/62 Quick Release Replacement Shaft,14.25
Seimitsu NT NOBI Quick Release Replacement Shaft,14.25
Seimitsu NT Shaft 2mm Extender,1.95
Seimitsu Replacement PCB Assembly for LSX Nobi, LS-40/01 Lever,19.95
Seimitsu SE/RE Flat Mounting Plate for LS-32, LS-38, LS-40,4.25
Seimitsu SELS-70X-01 Joystick with MS Plate,44.95
Seimitsu Solid Color Black Shaft & Matching Dustwasher Set,2.95
Seimitsu Solid Color Blue Shaft & Matching Dustwasher Set,2.95
Seimitsu Solid Color Green Shaft & Matching Dustwasher Set,2.95
Seimitsu Solid Color Pink Shaft & Matching Dustwasher Set,2.95
Seimitsu Solid Color Red Shaft & Matching Dustwasher Set,2.95
Seimitsu Solid Color White Shaft & Matching Dustwasher Set,2.95
Seimitsu Solid Color Yellow Shaft & Matching Dustwasher Set,2.95
Seimitsu SS Mounting Plate for LS-32, LS-38, LS-40,3.95
Seimitsu Translucent Clear Shaft & Matching Dustwasher Set,2.95
Seimitsu Translucent Color Blue Shaft & Matching Dustwasher Set,2.95
Seimitsu Translucent Color Green Shaft & Matching Dustwasher Set,2.95
Seimitsu Translucent Color Orange Shaft & Matching Dustwasher Set,2.95
Seimitsu Translucent Color Pink Shaft & Matching Dustwasher Set,2.95
Seimitsu Translucent Color Purple Shaft & Matching Dustwasher Set,2.95
Seimitsu Translucent Color Red Shaft & Matching Dustwasher Set,2.95
Seimitsu Translucent Color Smoke Shaft & Matching Dustwasher Set,2.95
Seimitsu Translucent Color Yellow Shaft & Matching Dustwasher Set,2.95
Seimitsu VF Mounting Plate,3.95
Short Sanwa JLF Joystick Shaft,9.95
Short Seimitsu LS-5x/6x Hollow Joystick Shaft,9.95
Standard Seimitsu LS-32/38 Hollow Joystick Shaft,9.95
Standard Seimitsu LS-5x/6x Hollow Joystick Shaft,9.95
KOWAL Hayabusa Octopus Octagonal Restrictor Plate (2016 Model),2.95
Crown 309-CWL Bobbin for Tension Grommet,3.25
Crown CWL-309-MJ-NEW-Helpme-KMS-ST30 Joystick,39.95
Crown DX Blue Detachable Battop,7.95
Crown DX Clear Detachable Battop,7.95
Crown DX Green Detachable Battop,7.95
Crown DX Red Detachable Battop,7.95
Crown DX Violet Detachable Battop,7.95
Crown Replacement Battop for 309, 307, 303 Series: Clear Black,5.95
Crown Replacement Battop for 309, 307, 303 Series: Clear Blue,5.95
Crown Replacement Battop for 309, 307, 303 Series: Clear Purple,5.95
Crown Replacement Battop for 309, 307, 303 Series: Clear Red,5.95
Crown Replacement Battop for 309, 307, 303 Series: Clear White,5.95
Crown Replacement Battop for 309, 307, 303 Series: Clear Yellow,5.95
Crown/Samducksa Shinsun 2D/3D Game Joystick Lever,69.95
Crown/Samduksa KNEE Lever - Neo Edition  Acetal Actuator,5.45
Crown/Samduksa KNEE Lever - Neo Edition Acetal Bobbin,3.25
Crown/Samduksa KNEE Lever - Neo Edition Capsule Acrylic Bat top: Clear,10.95
Crown/Samduksa KNEE Lever - Neo Edition Capsule Acrylic Bat top: Purple,10.95
Crown/Samduksa KNEE Lever - Neo Edition Capsule Acrylic Bat top: Red,10.95
Crown/Samduksa KNEE Lever - Neo Edition ST 30+ Silicone Rubber Grommet,5.95
Crown/Samduksa KNEE Lever - Neo Edition Stainless Steel Shaft & Transparent Shaft Cover,5.95
Crown/Samduksa KNEE Lever - Neo Edition Transparent Dust Washer,1.25
Crown/Samucksa Knee Lever - Neo Edition,84.95
Detachable Shaft for Crown CWL-30X Series Levers,15.95
E-Clip for Crown 303/307/309 Series Joystick,0.95
Samducksa 5-Pin Adapter PCB,16.95
ST-20 Low Tension Rubber Grommet for 300 Series Lever,4.95
ST-25 Low Tension Rubber Grommet for 300 Series Lever,4.95
ST-30 Medium Tension Rubber Grommet for 300 Series Lever,4.95
ST-35 Medium Tension Rubber Grommet for 300 Series Lever,4.95
ST-45 High Tension Rubber Grommet for 300 Series Lever,4.95
Actuator for Industrias Lorenzo EuroJoystick,0.95
Bracket for Industrias Lorenzo EuroJoystick,1.25
Bracket Screws for Industrias Lorenzo EuroJoystick (Set of 4),0.95
E-Clip for Industrias Lorenzo EuroJoystick,0.45
Extended Length Balltop Shaft for IL Eurostick (45mm),5.95
Hub for Industrias Lorenzo EuroJoystick,2.95
Pivot for Industrias Lorenzo EuroJoystick,0.95
Spring for Industrias Lorenzo EuroJoystick,0.45
Standard Length Balltop Shaft for IL Eurostick (34mm),5.95
Z-Stop for Industrias Lorenzo EuroJoystick,0.95
D44X 75g .187" Microswitch,1.45
E-Switch 50g .187" Microswitch,2.25
Suzo Happ 4/8-Way Super Joystick,14.95
Suzo Happ 8-Way Competition Joystick - Black,11.95
Suzo Happ 8-Way Competition Joystick - Blue,11.95
Suzo Happ 8-Way Competition Joystick - Green,11.95
Suzo Happ 8-Way Competition Joystick - Red,11.95
Suzo Happ 8-Way Competition Joystick - Yellow,11.95
Suzo Happ Replacement 4-Way MS Pac-Man/Galaga Joystick,19.95
Kowal 1mm Oversize Actuator for Sanwa JLF Series Joystick,4.25
KOWAL Flat Plate Converter,10.95
Phreakmods EX-Groove Link Quick Release  Shaft for Sanwa JLX and JLF: Aluminum Blue,27.95
Phreakmods EX-Groove Link Quick Release Shaft for Sanwa JLX and JLF: Aluminum Black,27.95
Phreakmods EX-Groove Link Quick Release Shaft for Sanwa JLX and JLF: Aluminum Chrome,27.95
Phreakmods EX-Groove Link Quick Release Shaft for Sanwa JLX and JLF: Aluminum Gold,27.95
Phreakmods EX-Groove Link Quick Release Shaft for Sanwa JLX and JLF: Aluminum Green,27.95
Phreakmods EX-Groove Link Quick Release Shaft for Sanwa JLX and JLF: Aluminum Pink,27.95
Phreakmods EX-Groove Link Quick Release Shaft for Sanwa JLX and JLF: Aluminum Purple,27.95
Phreakmods EX-Groove Link Quick Release Shaft for Sanwa JLX and JLF: Aluminum Red,27.95
Phreakmods Link/EX Groove LS-32 Detachable Shaft Base,8.95
Brook Gen-5X Multi-Console + PC Fighting Board,74.95
Brook Wingman FGC 2 Multi-Console to Native PS5 Converter,54.95
Brook Wingman Playstation/Xbox/Switch to PS2/PS1 Adapter,39.95
Brook Wingman XB 3 Multi-Console to Xbox Series Converter,44.95
Brook Wingman XE2 Multi-Console to PS3/PS4/PS5*/Switch Converter,44.95
Brook Zero PI Fighting Board (PI/PS3/PS2/PSX/PC/Switch),24.95
FA 3-Pin RGB LED Connector Harness (12 Inch),0.95
FA 3-Pin RGB LED Connector Harness (2 Inch),0.45
FA 3-Pin RGB LED Connector Harness (6 Inch),0.75
FA 30mm Button RGB LED 8 Pak for GP2040-CE,34.95
FA 30mm Button RGB LED for GP2040-CE,2.95
FA RGB LED Converter Board for GP2040-CE,2.95
FA RGB LED Installation Guide for GP2040-CE V5.6 [Free Digital Download],0.0
GP2040-CE (V5.6E - USB-B, USB-C) Open Source Multi-Console Fight Board,34.95
GP2040-CE V5.6E Quick Start Guide [Free Digital Download],0.0
Neutrik BSE Color Bushing for NE8MC Data Connector: Black,0.95
Neutrik BSE Color Bushing for NE8MC Data Connector: Brown,0.95
Neutrik BSE Color Bushing for NE8MC Data Connector: Green,0.95
Neutrik BSE Color Bushing for NE8MC Data Connector: Grey,0.95
Neutrik BSE Color Bushing for NE8MC Data Connector: Orange,0.95
Neutrik BSE Color Bushing for NE8MC Data Connector: Purple,0.95
Neutrik BSE Color Bushing for NE8MC Data Connector: Yellow,0.95
Neutrik DBA-BL Blank Plate,1.95
Neutrik NAUSB Full Coverage Surround and Support - Clear White,7.45
Neutrik NAUSB Surround and Support - Black,7.45
Neutrik NAUSB Surround and Support - Blue,7.45
Neutrik NAUSB Surround and Support - Clear White,7.45
Neutrik NAUSB Surround and Support - Dark Hai,7.45
Neutrik NAUSB Surround and Support - Gold,7.45
Neutrik NAUSB Surround and Support - Green,7.45
Neutrik NAUSB Surround and Support - Light Blue,7.45
Neutrik NAUSB Surround and Support - Light Hai,7.45
Neutrik NAUSB Surround and Support - Orange,7.45
Neutrik NAUSB Surround and Support - Pink,7.45
Neutrik NAUSB Surround and Support - Purple,7.45
Neutrik NAUSB Surround and Support - Red,7.45
Neutrik NAUSB Surround and Support - Silver,7.45
Neutrik NAUSB Surround and Support - White,7.45
Neutrik NAUSB Surround and Support - Yellow,7.45
Neutrik NAUSB-W A/B USB Feed-Through - Silver,11.95
Neutrik NAUSB-W-B A/B USB Feed-Through - Black,11.95
Neutrik SCDP Rubber Boot for NAUSB, NE8FDP -  Green,3.95
Neutrik SCDP Rubber Boot for NAUSB, NE8FDP - Black,3.95
Neutrik SCDP Rubber Boot for NAUSB, NE8FDP - Blue,3.95
Neutrik SCDP Rubber Boot for NAUSB, NE8FDP - Red,3.95
Neutrik SCDP Rubber Boot for NAUSB, NE8FDP - White,3.95
Neutrik SCDP Rubber Boot for NAUSB, NE8FDP - Yellow,3.95
Philmore .110" Non-Insulated Quick Disconnect Terminal (Box of 100),4.95
Philmore .187" Non-Insulated Quick Disconnect Terminal (Box of 100),4.95
Philmore .250" Non-Insulated Quick Disconnect Terminal (Box of 100),4.95
Sanwa SR .110" Quick Connect Enclosure,0.95
Sanwa SR .187" Quick Connect Enclosure,0.95
Sanwa SR .250" Quick Connect Enclosure,0.95